{
  "version": 1,
  "author": "Anonymous maker",
  "editor": "wokwi",
  "parts": [
    { "type": "wokwi-esp32-devkit-v1", "id": "esp", "top": -2.25, "left": -0.64, "attrs": {} },
    {
      "type": "wokwi-led",
      "id": "led1",
      "top": -2.32,
      "left": -92.78,
      "attrs": { "color": "red" }
    },
    {
      "type": "wokwi-led",
      "id": "led2",
      "top": 142.28,
      "left": -92.67,
      "attrs": { "color": "magenta" }
    },
    {
      "type": "wokwi-led",
      "id": "led3",
      "top": 29.39,
      "left": -140.69,
      "attrs": { "color": "orange" }
    },
    {
      "type": "wokwi-led",
      "id": "led4",
      "top": 31.37,
      "left": -49.59,
      "attrs": { "color": "purple" }
    }
  ],
  "connections": [
    [ "esp:TX0", "$serialMonitor:RX", "", [] ],
    [ "esp:RX0", "$serialMonitor:TX", "", [] ],
    [ "esp:GND.2", "led1:C", "black", [ "h0" ] ],
    [ "led4:A", "esp:D26", "purple", [ "v0" ] ],
    [ "led4:C", "esp:GND.2", "black", [ "v0" ] ],
    [ "led3:A", "esp:D27", "orange", [ "h28.03", "v50.8" ] ],
    [ "led3:C", "esp:GND.2", "black", [ "v0" ] ],
    [ "led2:C", "esp:GND.2", "black", [ "v8.77", "h65.77", "v-44.05" ] ],
    [ "led2:A", "esp:D25", "violet", [ "v0.62", "h54.15", "v-95.95" ] ],
    [ "led1:A", "esp:D35", "red", [ "v-8.79", "h61.64", "v30.51" ] ]
  ],
  "dependencies": {}
}